{
  "creds": {
    "noiseKey": {
      "private": {
        "type": "Buffer",
        "data": "gEKJwV27Ahq1/2AHKEspI6wEhZgQxEmDQ376bSs5kHw="
      },
      "public": {
        "type": "Buffer",
        "data": "W3Ob15bQJphCsnKLoh1zWxrQUqa8enlmrrnapvAqxFY="
      }
    },
    "signedIdentityKey": {
      "private": {
        "type": "Buffer",
        "data": "mJKKIK3vccY6La+3EYWv2NRsxkoS/uqSzLBpN5VXD2M="
      },
      "public": {
        "type": "Buffer",
        "data": "8aFYV946qesbul9yRQ1JN8W2lK9kxG+dydhN6U0tLwE="
      }
    },
    "signedPreKey": {
      "keyPair": {
        "private": {
          "type": "Buffer",
          "data": "SA0PxKsUPAD4bOis8Z99ZT4wt1ts/+ktPVqlaLjgoEc="
        },
        "public": {
          "type": "Buffer",
          "data": "K12uQwQCSr5d4zqwSGQLryoUdf69vyz/HYTntz4tslk="
        }
      },
      "signature": {
        "type": "Buffer",
        "data": "RQyTEmWI3Q9+3M70CmX1ZsA0gOzVWjv8Ym+r1hUrDOD3uopBgY67MLYGP5NlIHZc6d5JEfTllF4+Lk9CIs+vBw=="
      },
      "keyId": 1
    },
    "registrationId": 156,
    "advSecretKey": "zy1E+8DUZaZNiZjWXMwVKW5g2X4UT56d1g/dKVjV6sk=",
    "processedHistoryMessages": [],
    "nextPreKeyId": 31,
    "firstUnuploadedPreKeyId": 31,
    "accountSettings": {
      "unarchiveChats": false
    },
    "account": {
      "details": "CODrkdIHEKm1q50GGA0=",
      "accountSignatureKey": "fXNZduIaVq5HTcMfcVoc41xQQw58En2y5KxjKcqBVRA=",
      "accountSignature": "Cwn9r/3ejMTriZUqOpDNWcImPLW+gc0t3yKDCRSHgeV7jIpkFdtjHBWjIclHMQ4m311jQFW+nO9kiygjkW51DQ==",
      "deviceSignature": "QwUJr0MBRDvYsmKtbL+yav3elV6OwRzdoDj6KasET/W9ISNXgKiKhrr4igffT87dSygvBR8XDNYKaGalA4doCA=="
    },
    "me": {
      "id": "6281333741687:14@s.whatsapp.net",
      "name": "Mrchll"
    },
    "signalIdentities": [
      {
        "identifier": {
          "name": "6281333741687:14@s.whatsapp.net",
          "deviceId": 0
        },
        "identifierKey": {
          "type": "Buffer",
          "data": "BX1zWXbiGlauR03DH3FaHONcUEMOfBJ9suSsYynKgVUQ"
        }
      }
    ],
    "platform": "android",
    "lastAccountSyncTimestamp": 1672141486
  },
  "keys": {
    "preKeys": {
      "1": {
        "private": {
          "type": "Buffer",
          "data": "eC94hmNoGwS+wf8jhP3vm+9Oo8WDtj6EDiku54tPEkE="
        },
        "public": {
          "type": "Buffer",
          "data": "4QcDxdkvkmrPDh2xzLvGnT4ZnbPBTz1TO9IC0blF03Y="
        }
      },
      "2": {
        "private": {
          "type": "Buffer",
          "data": "cM7CvAS4zscKHQ0tjabewfZCqWkV0mtHFGWXd9TkFHI="
        },
        "public": {
          "type": "Buffer",
          "data": "cS6M/piRc7tnebGHMOtyLI1PLqBSAsAAkX2VfBKsWkg="
        }
      },
      "3": {
        "private": {
          "type": "Buffer",
          "data": "UDuBpLrOwj/Rpsj1IBtEQkV86Y2SXS7fPYU52lo2fm8="
        },
        "public": {
          "type": "Buffer",
          "data": "Gi7Vy41880gZidOKRREx4eRe7Bo7Mwcu96SEQAwPCyI="
        }
      },
      "4": {
        "private": {
          "type": "Buffer",
          "data": "WFgQxinLL7jHdaOO5rRMxtuvzy9jg86v/191mlUtTlA="
        },
        "public": {
          "type": "Buffer",
          "data": "DDUIOWMDpNGbe4WhW5+DoCf69N8z6coRQWidrnoEDCY="
        }
      },
      "5": null,
      "6": {
        "private": {
          "type": "Buffer",
          "data": "EExmk6f3C//zQRSoxeE3uroQ37PSvwQpEWe9VfBij0M="
        },
        "public": {
          "type": "Buffer",
          "data": "rTIBRsgJDTYSIEQUXCERkNUocPkqAuTtPpFvCRp7uVU="
        }
      },
      "7": null,
      "8": {
        "private": {
          "type": "Buffer",
          "data": "2LenCrrtIZg5msFof3JQMcS0Ra4rmBuqDQeX1FOHi2g="
        },
        "public": {
          "type": "Buffer",
          "data": "VEv8EY7MLftL34hGX65030EZN57ndT1Vgrp/JF2OwUY="
        }
      },
      "9": {
        "private": {
          "type": "Buffer",
          "data": "AIUThyPA691Is8p3L8C/ugqjMjXn/3vDf0YYjn+4eWE="
        },
        "public": {
          "type": "Buffer",
          "data": "9FET/KV4iOJ6j7HJ4cz3FY5GHvJCQwGdJ56yQ58njho="
        }
      },
      "10": {
        "private": {
          "type": "Buffer",
          "data": "UFNHkOtnKhRtwurDq14NDScbcKsO7f3o6p5tks9EJG4="
        },
        "public": {
          "type": "Buffer",
          "data": "9i44dy9TDUg/rE7sA0XsDStV1zU9464skN+EUd1t/Gc="
        }
      },
      "11": {
        "private": {
          "type": "Buffer",
          "data": "0Fqx4WIFezZ+5GaIrh61mE3GLZnxor2mNLvw+j9S6kE="
        },
        "public": {
          "type": "Buffer",
          "data": "cdT7zoPprIev+zVRrl+YWvcS5uUouwOJ4KoF0M3RIVk="
        }
      },
      "12": null,
      "13": {
        "private": {
          "type": "Buffer",
          "data": "UPf2Xr4LmKqn6jUR8eln4PCFiH59DsfSEJNUe6vylXE="
        },
        "public": {
          "type": "Buffer",
          "data": "u+pefBKv8V+YMY8ZBuit/orP91750VpNQm9H/gkvZng="
        }
      },
      "14": {
        "private": {
          "type": "Buffer",
          "data": "wJWnK/Zga+IEhFMOO06PKZPvp6Ou3UqnkN6lIXa9z34="
        },
        "public": {
          "type": "Buffer",
          "data": "GjtBji9v1SXfDLJa+WY0OgpINvTuonRm8T4vh+fVgiI="
        }
      },
      "15": {
        "private": {
          "type": "Buffer",
          "data": "oAfyQS8jrN4HD7/SGlNxYxmNjcT5ue3UTGprsBRDvUc="
        },
        "public": {
          "type": "Buffer",
          "data": "UDsMJ5ZvJd3Bck+bq82YRYw3XDjVXfLiyRZqsr17Fls="
        }
      },
      "16": {
        "private": {
          "type": "Buffer",
          "data": "uIeDZZQ9sUr83UxCINUNxNSHb1n0UwbwVFfXRwITK08="
        },
        "public": {
          "type": "Buffer",
          "data": "Sklg7A9Gnjfh90omzPKTBuOcr0WZxOzb0Ri0hozpJwE="
        }
      },
      "17": {
        "private": {
          "type": "Buffer",
          "data": "6PRbeiRWKntBYJ8I3+VIKX//YqWZF40m/AgKAzi5HmI="
        },
        "public": {
          "type": "Buffer",
          "data": "9pWvr2z/ebySQ2tjuEkJYtdjm/EIdsxE5w+vbIShxR8="
        }
      },
      "18": {
        "private": {
          "type": "Buffer",
          "data": "eM1qYFBsujgth2tbj2gHLtePFrK0E6WZl50n7qQK130="
        },
        "public": {
          "type": "Buffer",
          "data": "5nMxz6bcMqedf0hccxwmjlGZWOosAPKa0LUEYGARaQY="
        }
      },
      "19": {
        "private": {
          "type": "Buffer",
          "data": "AN1d01EXYtKySERbxB/eFPgw9HKIRCZdxHOuW7emaV8="
        },
        "public": {
          "type": "Buffer",
          "data": "1v0UZIcprG8GOd6wRaj7eHEAUcP4aQ6+GuAor69EVTY="
        }
      },
      "20": {
        "private": {
          "type": "Buffer",
          "data": "yMFY8qcxkl+Nbn8MKby79Tktmifqrfe3AYX/KY5f6Gg="
        },
        "public": {
          "type": "Buffer",
          "data": "PDesUC8hlzb2vNKodolNTMvbu6AcGURwmYsO9V0+gjU="
        }
      },
      "21": {
        "private": {
          "type": "Buffer",
          "data": "kHB4iekkHRr8F6Wbl6Z7WPwxz+EN0XfAbW46rygx5WA="
        },
        "public": {
          "type": "Buffer",
          "data": "oWY5X03llzz4C0bBBqX1ZtuOX26fpI0auEy2Piff8xs="
        }
      },
      "22": {
        "private": {
          "type": "Buffer",
          "data": "kMFSloy51RcxJSM1VhxCEA0lRNuyz3IEc3dPnW/dG1c="
        },
        "public": {
          "type": "Buffer",
          "data": "nh4b39V2vcNobswv+PR8kahUBPiVWwbpaWSyXl/ocm8="
        }
      },
      "23": {
        "private": {
          "type": "Buffer",
          "data": "eO+zvCABmBdhDYuxonM/OmeqOXrAIYW2D6oRoIELg1k="
        },
        "public": {
          "type": "Buffer",
          "data": "lAY6v4qrKC9fzrcXJStSimPeJlmJvgXR8hiF3zGePGU="
        }
      },
      "24": {
        "private": {
          "type": "Buffer",
          "data": "4PToUteU4XhKO5YqK4t5Zs/n9+erlWw5wuUYojY4WHo="
        },
        "public": {
          "type": "Buffer",
          "data": "PwNLEO6Drk+/HBJkofYqoEHA65FW0YhvH2NagUG7k2s="
        }
      },
      "25": {
        "private": {
          "type": "Buffer",
          "data": "YNF9JS0NnjXXOxX1pg8BjwkUFwUmDER7fj6EAnm+PWQ="
        },
        "public": {
          "type": "Buffer",
          "data": "VMZk5ngeRaj3xX6iqyO97Y7fGALna+paWTXzcF9pvgw="
        }
      },
      "26": {
        "private": {
          "type": "Buffer",
          "data": "+KNXtlwoSaIn5/nIV+I0zpalYnbsbld2FeHJJdI0d1A="
        },
        "public": {
          "type": "Buffer",
          "data": "LZbHy9cOhwMx3f6ufbH9ae9k/GlTYi5y9qFaK67hdQQ="
        }
      },
      "27": {
        "private": {
          "type": "Buffer",
          "data": "oCMsi82IP+FrGm1DcJx9Th7zYMivynisnCv+XgUywFs="
        },
        "public": {
          "type": "Buffer",
          "data": "VD7t+YQc/9DmsJOPONmu9nif3HWcaJ/y4jNCbGKqHwQ="
        }
      },
      "28": {
        "private": {
          "type": "Buffer",
          "data": "0E4Syrese5NoCNHw7nXdyOqKIdjzJx/mShSzzmVC1Ew="
        },
        "public": {
          "type": "Buffer",
          "data": "sMBkaJfXRS/sn41MZ4hx777msWWdzUUJ4f6UxJxRcVA="
        }
      },
      "29": {
        "private": {
          "type": "Buffer",
          "data": "mGxIeD89fg0Kq77WO/xCPV6ipGO/MkJgBTeI2WNRlmw="
        },
        "public": {
          "type": "Buffer",
          "data": "a5q+C5BWg2D5U7nGPgJWRnmvHeaXV++1drx8jdOk+UM="
        }
      },
      "30": {
        "private": {
          "type": "Buffer",
          "data": "iCylbv4yXvW0WHs2N3erCgPmiSVz2cAgpDSioCx7aUo="
        },
        "public": {
          "type": "Buffer",
          "data": "jFhiKZnrX5G04/8CsllVFv825LpIl/YbiLj1j/bwYkk="
        }
      }
    },
    "sessions": {
      "6281333741687.0": {
        "_sessions": {
          "BfyoleQVa9/KbX/qAFZA+eMWb9Hlr3a8gtIE+vJfjR0U": {
            "registrationId": 16962958,
            "currentRatchet": {
              "ephemeralKeyPair": {
                "pubKey": "BewWasTecHCJA6VyBatnuY5uZDpBJvItajR4i0oFTcoV",
                "privKey": "WGBro81r8u0tvRuzr1JGb0yWyXf3EbJW8XAI/da5cWM="
              },
              "lastRemoteEphemeralKey": "Bb5V0Xt0FOxEEVZCKrP0FxdldGykNi8e+Ogm5QyfoqBL",
              "previousCounter": 0,
              "rootKey": "dxK39oxne1QuJpxRVjhB4Y7Ojqo6m/F3RxAc93XW6tQ="
            },
            "indexInfo": {
              "baseKey": "BfyoleQVa9/KbX/qAFZA+eMWb9Hlr3a8gtIE+vJfjR0U",
              "baseKeyType": 2,
              "closed": 1672141510121,
              "used": 1672141488076,
              "created": 1672141488076,
              "remoteIdentityKey": "BX1zWXbiGlauR03DH3FaHONcUEMOfBJ9suSsYynKgVUQ"
            },
            "_chains": {
              "Bb5V0Xt0FOxEEVZCKrP0FxdldGykNi8e+Ogm5QyfoqBL": {
                "chainKey": {
                  "counter": 5,
                  "key": "DU+ueCXPuz6bj9Gfo8XxlrJKZgY5gvG9daA8fI0bpf8="
                },
                "chainType": 2,
                "messageKeys": {}
              },
              "BewWasTecHCJA6VyBatnuY5uZDpBJvItajR4i0oFTcoV": {
                "chainKey": {
                  "counter": 0,
                  "key": "+s9944b3dkOM69RNPfQ4cJJWXEMuse070z2dBUG1nLs="
                },
                "chainType": 1,
                "messageKeys": {}
              }
            }
          },
          "BV4wr2H9WsfCJarrywaG/vg/nhvGBHcKEmOKexn18e1F": {
            "registrationId": 16962958,
            "currentRatchet": {
              "ephemeralKeyPair": {
                "pubKey": "BfoLjaEs9COPLrdw4fmjMY+Fq4V/9WfzQUwjyc+ct4lL",
                "privKey": "6K+wqDOXzzL1i3gyuyAvqCo1O1inQVAWGOIMYWVKxk0="
              },
              "lastRemoteEphemeralKey": "BWHo69sXn2u0lZW7B86uECJItrresqs8m3hbdZ1frXUh",
              "previousCounter": 0,
              "rootKey": "8Xn1ZFKt/jaJRFdMUE1pVZgMfkYUBswTbqnDNR79uOM="
            },
            "indexInfo": {
              "baseKey": "BV4wr2H9WsfCJarrywaG/vg/nhvGBHcKEmOKexn18e1F",
              "baseKeyType": 1,
              "closed": -1,
              "used": 1672141510110,
              "created": 1672141510110,
              "remoteIdentityKey": "BX1zWXbiGlauR03DH3FaHONcUEMOfBJ9suSsYynKgVUQ"
            },
            "_chains": {
              "BfoLjaEs9COPLrdw4fmjMY+Fq4V/9WfzQUwjyc+ct4lL": {
                "chainKey": {
                  "counter": -1,
                  "key": "UhDBFGuLJ09yyqKxToQCvWsoWJgy9zR7fq0cTR0WSKY="
                },
                "chainType": 1,
                "messageKeys": {}
              }
            },
            "pendingPreKey": {
              "signedKeyId": 0,
              "baseKey": "BV4wr2H9WsfCJarrywaG/vg/nhvGBHcKEmOKexn18e1F"
            }
          }
        },
        "version": "v1"
      },
      "6281381685954.0": {
        "_sessions": {
          "BapvAozS11g0xiaSKlq7lVn1CF1rWk+LUh7zjLo950BK": {
            "registrationId": 536685096,
            "currentRatchet": {
              "ephemeralKeyPair": {
                "pubKey": "BZzMhvoSrUSztA3b7vaklQglKozjkAhYf67mH/DmFX4e",
                "privKey": "oGdiQm2L7KSsVhHD3Sgr19/cN4npdfY4cpMsokJ5fUo="
              },
              "lastRemoteEphemeralKey": "Bd87+wBi4AK40EPN7/5pDDryEx/uQSKF5k1KVR8b3OIj",
              "previousCounter": 0,
              "rootKey": "LOD/tdh6/X2twY3+8+Dflgm/bVhYAZPRHJxPGUsuQhI="
            },
            "indexInfo": {
              "baseKey": "BapvAozS11g0xiaSKlq7lVn1CF1rWk+LUh7zjLo950BK",
              "baseKeyType": 2,
              "closed": -1,
              "used": 1672141502752,
              "created": 1672141502752,
              "remoteIdentityKey": "BWLP0sxtZvq4gnn1yVH/g4b3r3WpWpDPE3+kk3PGFlRp"
            },
            "_chains": {
              "Bd87+wBi4AK40EPN7/5pDDryEx/uQSKF5k1KVR8b3OIj": {
                "chainKey": {
                  "counter": 0,
                  "key": "/RSA96Ss6eBFGL60lgQTkgSPQVjoOLLP5fQOlAA1+Jg="
                },
                "chainType": 2,
                "messageKeys": {}
              },
              "BZzMhvoSrUSztA3b7vaklQglKozjkAhYf67mH/DmFX4e": {
                "chainKey": {
                  "counter": 0,
                  "key": "r2pFUguDrTKgrcofgsUpI//ITn1oFPxlgCu5NMGs6P4="
                },
                "chainType": 1,
                "messageKeys": {}
              }
            }
          }
        },
        "version": "v1"
      },
      "6281333741687:13.0": {
        "_sessions": {
          "BcuhzDQbNPEn5STFDgxCFdTz8PN96wZ9kEgGfMz5Mo9g": {
            "registrationId": 23,
            "currentRatchet": {
              "ephemeralKeyPair": {
                "pubKey": "BfhaHEtTfPC+HASgqnVgC5uJ5evDzP+HUPIMVVDvCcAG",
                "privKey": "6ONkPZvm42fPlywpQi2HYdQ+87P27ky2/dLatvfs72s="
              },
              "lastRemoteEphemeralKey": "BUnroodaPDA/1znMy5lS7XTSgiMn9R7C3TnRJuQVMJVZ",
              "previousCounter": 0,
              "rootKey": "f2bC7jxphBBEfummXNbzMlowewQaM3iLR8Dvjrx3Hbk="
            },
            "indexInfo": {
              "baseKey": "BcuhzDQbNPEn5STFDgxCFdTz8PN96wZ9kEgGfMz5Mo9g",
              "baseKeyType": 2,
              "closed": -1,
              "used": 1672141506113,
              "created": 1672141506113,
              "remoteIdentityKey": "BfHKah+t7FZtAf/ijbo+DXSxErgDfMp7x5ZhU2HlU79B"
            },
            "_chains": {
              "BUnroodaPDA/1znMy5lS7XTSgiMn9R7C3TnRJuQVMJVZ": {
                "chainKey": {
                  "counter": 0,
                  "key": "YPvrRsuQnIyb1JKe8e3Ns3Nu9iFH6zZKTcCy8ZaVK08="
                },
                "chainType": 2,
                "messageKeys": {}
              },
              "BfhaHEtTfPC+HASgqnVgC5uJ5evDzP+HUPIMVVDvCcAG": {
                "chainKey": {
                  "counter": 0,
                  "key": "G0AH5okYqcBzIwtJqt3YD+mae0cR/fNJSHGJUT24LAI="
                },
                "chainType": 1,
                "messageKeys": {}
              }
            }
          }
        },
        "version": "v1"
      },
      "6281333741687:7.0": {
        "_sessions": {
          "BY4u0xe7/XOnXqdMQOe6wfdyP/cpZZcfVFepUqCHRw8C": {
            "registrationId": 193,
            "currentRatchet": {
              "ephemeralKeyPair": {
                "pubKey": "BXGSMERFF+a2Cfb51TyEQgt+MjRRsJiU7HQmzBMvlE1E",
                "privKey": "YDyDVSXJbjW9Lo3WmK3qw455E97lX9HdgYv0e7LGXns="
              },
              "lastRemoteEphemeralKey": "BUVZ8/CGnSlCURKrmcP2wasyyIO75oxT7DUm4EqiG0Fv",
              "previousCounter": 0,
              "rootKey": "Z6eCUmxC3EL49g/Tc/y0UIgd7R5sxzQiRB8l8U6PJ9E="
            },
            "indexInfo": {
              "baseKey": "BY4u0xe7/XOnXqdMQOe6wfdyP/cpZZcfVFepUqCHRw8C",
              "baseKeyType": 1,
              "closed": -1,
              "used": 1672141507333,
              "created": 1672141507333,
              "remoteIdentityKey": "BdfwRE3//8nkkI4kD3XZu/OjTYbs2Z8M1By0Bd4HT4JI"
            },
            "_chains": {
              "BXGSMERFF+a2Cfb51TyEQgt+MjRRsJiU7HQmzBMvlE1E": {
                "chainKey": {
                  "counter": 0,
                  "key": "KzDZ7sUWjh/CZemXVEsHhiJEsusQKubeb1QOEf3iyWY="
                },
                "chainType": 1,
                "messageKeys": {}
              }
            },
            "pendingPreKey": {
              "signedKeyId": 1,
              "baseKey": "BY4u0xe7/XOnXqdMQOe6wfdyP/cpZZcfVFepUqCHRw8C",
              "preKeyId": 30
            }
          }
        },
        "version": "v1"
      },
      "6281333741687:12.0": {
        "_sessions": {
          "BUSztt3zXekF1cY7L0aOWfL16+W7G5LpIjZS+xlj3ncl": {
            "registrationId": 55,
            "currentRatchet": {
              "ephemeralKeyPair": {
                "pubKey": "BfiB5mBgyHPT2A1yyAkcws62XwPPrlMIJb/wwOsmhZdJ",
                "privKey": "KAp9VlCDCR8ZA49xKKR3yTObKFgkEF97UGdKzURqpnA="
              },
              "lastRemoteEphemeralKey": "BbcouHci26C3CpI9c518cEaF6IhTWAR+HT+UAz4pRhkb",
              "previousCounter": 0,
              "rootKey": "7GvSXLkh8GbXHkWdJ75IF2G2X4R1ghlodflW97Lmlv0="
            },
            "indexInfo": {
              "baseKey": "BUSztt3zXekF1cY7L0aOWfL16+W7G5LpIjZS+xlj3ncl",
              "baseKeyType": 1,
              "closed": -1,
              "used": 1672141507346,
              "created": 1672141507346,
              "remoteIdentityKey": "Bavhhdi7CLVTEbsDNsowiC8icCQvkTzzNZMrcOzWEYEH"
            },
            "_chains": {
              "BfiB5mBgyHPT2A1yyAkcws62XwPPrlMIJb/wwOsmhZdJ": {
                "chainKey": {
                  "counter": 0,
                  "key": "jLgepp3AgtOlK3I2s+JbRa/lfq6bLGZLA04e1eLp6Tk="
                },
                "chainType": 1,
                "messageKeys": {}
              }
            },
            "pendingPreKey": {
              "signedKeyId": 1,
              "baseKey": "BUSztt3zXekF1cY7L0aOWfL16+W7G5LpIjZS+xlj3ncl"
            }
          }
        },
        "version": "v1"
      },
      "6282228877291.0": {
        "_sessions": {
          "BctDOkQQpHsGpUiSCHcvkScN26HUp6xR2IdofwhodXl1": {
            "registrationId": 1135464864,
            "currentRatchet": {
              "ephemeralKeyPair": {
                "pubKey": "BUxwmnGbL6UhrFkHFciCSG16Fx1JoOz45DihYj8OSyxU",
                "privKey": "cHofJkIu+UdxyohNZDXK9+ArOUk/YBkXiupoRJF/rE8="
              },
              "lastRemoteEphemeralKey": "BbQ3NdRLsvg+FfSXLLiKLY5KvEWae5R6eDqE0OuMVVIv",
              "previousCounter": 0,
              "rootKey": "eZRdVWYYv7Ab5TMVTleMpOQ46J0E+o55wwJHS+Qmnos="
            },
            "indexInfo": {
              "baseKey": "BctDOkQQpHsGpUiSCHcvkScN26HUp6xR2IdofwhodXl1",
              "baseKeyType": 1,
              "closed": -1,
              "used": 1672141507358,
              "created": 1672141507358,
              "remoteIdentityKey": "BZUTbO/wOi+Rvi4flkhFGRi/xj9K/JKdU63yLak0o7J2"
            },
            "_chains": {
              "BUxwmnGbL6UhrFkHFciCSG16Fx1JoOz45DihYj8OSyxU": {
                "chainKey": {
                  "counter": 0,
                  "key": "UnGicMegIxke0nJNXZq3afgcNtcfCSl9+epn74NI4Fk="
                },
                "chainType": 1,
                "messageKeys": {}
              }
            },
            "pendingPreKey": {
              "signedKeyId": 0,
              "baseKey": "BctDOkQQpHsGpUiSCHcvkScN26HUp6xR2IdofwhodXl1"
            }
          }
        },
        "version": "v1"
      }
    },
    "senderKeys": {
      "120363046727446768@g.us::6281381685954::0": [
        {
          "senderKeyId": 1707853045,
          "senderChainKey": {
            "iteration": 6,
            "seed": "JzfcHE87cwlAb9JUzmL5S+aFGHwKPEfZ7q+efdfs0GY="
          },
          "senderSigningKey": {
            "public": "BZr86GgFQGaA7KsyQA8CE2896MCshpflU3fBU8fQ5KlC"
          }
        }
      ],
      "120363046727446768@g.us::6281333741687:14::0": [
        {
          "senderKeyId": 1526685777,
          "senderChainKey": {
            "iteration": 1,
            "seed": "23vjMqbR8UpjP8yT0Ah2rNaSCWKMtFnSjaAs/fDJPAU="
          },
          "senderSigningKey": {
            "public": "BUhNJPbOR9/mRfupa4liCTCt3VEewt1xV+js0qeb3zN3",
            "private": "YMsKUKZGCn6T/rk0+D2/gsrq/hcsbVeL8DocNuUegEs="
          }
        }
      ],
      "120363046727446768@g.us::6281333741687:13::0": [
        {
          "senderKeyId": 1505015384,
          "senderChainKey": {
            "iteration": 1,
            "seed": "HEkacrUFEN62iViIflP1CmFg7qo+y75P1wyim4r/u/k="
          },
          "senderSigningKey": {
            "public": "BT3VgKL6hbYDZGjMrg4oryJ+KvLp+ZOkyc2qGFcVGRcD"
          }
        }
      ]
    },
    "senderKeyMemory": {
      "120363046727446768@g.us": null
    }
  }
}